{
    "x": 7.223515033721924,
    "y": -4.82513952255249,
    "z": 5.5
}