{
    "x": -6.849288463592529,
    "y": -5.349999904632568,
    "z": 5.5
}