{
    "x": -3.1189823150634767,
    "y": -4.82513952255249,
    "z": 5.5
}