{
    "x": -9.539287567138672,
    "y": -5.349999904632568,
    "z": 5.5
}