{
    "x": -8.159287452697754,
    "y": -5.349999904632568,
    "z": 5.5
}