{
    "x": 2.1263742446899416,
    "y": -4.82513952255249,
    "z": 5.5
}